{
	"credit": "Abandoned Grave",
	"parent": "block/block",
	"render_type": "cutout",
	"elements": [
		{
			"name": "socle1",
			"from": [0, 0, 0],
			"to": [16, 1, 16],
			"faces": {
				"north": {"uv": [0, 15, 16, 16], "texture": "#0"},
				"east": {"uv": [0, 15, 16, 16], "texture": "#0"},
				"south": {"uv": [0, 15, 16, 16], "texture": "#0"},
				"west": {"uv": [0, 15, 16, 16], "texture": "#0"},
				"up": {"uv": [0, 0, 16, 16], "texture": "#0"},
				"down": {"uv": [0, 0, 16, 16], "texture": "#0"}
			}
		},
		{
			"name": "socle2",
			"from": [2, 1, 2],
			"to": [14, 2, 14],
			"rotation": {"angle": 0, "axis": "y", "origin": [2, 0, 1]},
			"faces": {
				"north": {"uv": [2, 14, 14, 15], "texture": "#0"},
				"east": {"uv": [2, 14, 14, 15], "texture": "#0"},
				"south": {"uv": [2, 14, 14, 15], "texture": "#0"},
				"west": {"uv": [2, 14, 14, 15], "texture": "#0"},
				"up": {"uv": [2, 2, 14, 14], "texture": "#0"},
				"down": {"uv": [2, 2, 14, 14], "texture": "#0"}
			}
		},
		{
			"name": "socle3",
			"from": [5, 2, 5],
			"to": [11, 6, 11],
			"rotation": {"angle": 0, "axis": "y", "origin": [5, 2, 5]},
			"faces": {
				"north": {"uv": [5, 10, 11, 14], "texture": "#0"},
				"east": {"uv": [5, 10, 11, 14], "texture": "#0"},
				"south": {"uv": [5, 10, 11, 14], "texture": "#0"},
				"west": {"uv": [5, 10, 11, 14], "texture": "#0"},
				"up": {"uv": [5, 5, 11, 11], "texture": "#0"},
				"down": {"uv": [5, 5, 11, 11], "texture": "#0"}
			}
		},
		{
			"name": "socle4",
			"from": [6.5, 6, 7],
			"to": [9.5, 9, 9],
			"rotation": {"angle": 0, "axis": "y", "origin": [6.5, 6, 6.5]},
			"faces": {
				"north": {"uv": [6, 6, 9, 9], "texture": "#0"},
				"east": {"uv": [6, 7, 8, 10], "texture": "#0"},
				"south": {"uv": [6, 6, 9, 9], "texture": "#0"},
				"west": {"uv": [6, 7, 8, 10], "texture": "#0"},
				"up": {"uv": [6, 7, 9, 9], "texture": "#0"},
				"down": {"uv": [6, 7, 9, 9], "texture": "#0"}
			}
		},
		{
			"name": "bar1",
			"from": [4, 10, 7],
			"to": [12, 11, 9],
			"rotation": {"angle": 0, "axis": "y", "origin": [7, 9, 6]},
			"faces": {
				"north": {"uv": [4, 5, 12, 6], "texture": "#0"},
				"east": {"uv": [9, 10, 11, 11], "texture": "#0"},
				"south": {"uv": [4, 5, 12, 6], "texture": "#0"},
				"west": {"uv": [8, 5, 10, 6], "texture": "#0"},
				"up": {"uv": [0, 0, 8, 2], "texture": "#0"},
				"down": {"uv": [0, 0, 8, 2], "texture": "#0"}
			}
		},
		{
			"name": "bar2",
			"from": [5, 9, 7],
			"to": [11, 10, 9],
			"rotation": {"angle": 0, "axis": "y", "origin": [7, 9, 6]},
			"faces": {
				"north": {"uv": [5, 6, 11, 7], "texture": "#0"},
				"east": {"uv": [6, 4, 8, 5], "texture": "#0"},
				"south": {"uv": [5, 6, 11, 7], "texture": "#0"},
				"west": {"uv": [3, 2, 5, 3], "texture": "#0"},
				"up": {"uv": [5, 7, 11, 9], "texture": "#0"},
				"down": {"uv": [5, 7, 11, 9], "texture": "#0"}
			}
		},
		{
			"name": "bar3",
			"from": [5, 15, 7],
			"to": [11, 16, 9],
			"rotation": {"angle": 0, "axis": "y", "origin": [7, 15, 6]},
			"faces": {
				"north": {"uv": [3, 1, 9, 2], "texture": "#0"},
				"east": {"uv": [1, 1, 3, 2], "texture": "#0"},
				"south": {"uv": [5, 1, 11, 2], "texture": "#0"},
				"west": {"uv": [3, 2, 5, 3], "texture": "#0"},
				"up": {"uv": [5, 6, 11, 8], "texture": "#0"},
				"down": {"uv": [0, 0, 6, 2], "texture": "#0"}
			}
		},
		{
			"name": "bar4",
			"from": [4, 14, 7],
			"to": [12, 15, 9],
			"rotation": {"angle": 0, "axis": "y", "origin": [7, 15, 6]},
			"faces": {
				"north": {"uv": [4, 2, 12, 3], "texture": "#0"},
				"east": {"uv": [1, 2, 3, 3], "texture": "#0"},
				"south": {"uv": [4, 2, 12, 3], "texture": "#0"},
				"west": {"uv": [0, 2, 2, 3], "texture": "#0"},
				"up": {"uv": [4, 9, 12, 7], "texture": "#0"},
				"down": {"uv": [0, 0, 8, 2], "texture": "#0"}
			}
		},
		{
			"name": "bar5",
			"from": [4, 11, 7],
			"to": [6, 14, 9],
			"rotation": {"angle": 0, "axis": "y", "origin": [4, 13, 7]},
			"faces": {
				"north": {"uv": [0, 0, 2, 3], "texture": "#0"},
				"east": {"uv": [0, 0, 2, 3], "texture": "#0"},
				"south": {"uv": [2, 5, 4, 8], "texture": "#0"},
				"west": {"uv": [0, 0, 2, 3], "texture": "#0"},
				"up": {"uv": [0, 0, 2, 2], "texture": "#0"},
				"down": {"uv": [0, 0, 2, 2], "texture": "#0"}
			}
		},
		{
			"name": "bar6",
			"from": [10, 11, 7],
			"to": [12, 14, 9],
			"rotation": {"angle": 0, "axis": "y", "origin": [10, 13, 7]},
			"faces": {
				"north": {"uv": [3, 2, 5, 5], "texture": "#0"},
				"east": {"uv": [3, 2, 5, 5], "texture": "#0"},
				"south": {"uv": [3, 3, 5, 6], "texture": "#0"},
				"west": {"uv": [4, 3, 6, 6], "texture": "#0"},
				"up": {"uv": [0, 0, 2, 2], "texture": "#0"},
				"down": {"uv": [0, 0, 2, 2], "texture": "#0"}
			}
		},
		{
			"name": "barc1",
			"from": [7, 13.8, 6.5],
			"to": [9, 16.8, 9.5],
			"rotation": {"angle": 0, "axis": "y", "origin": [7, 14.9, 7.5]},
			"faces": {
				"north": {"uv": [0, 0, 2, 3], "texture": "#2"},
				"east": {"uv": [0, 0, 3, 3], "texture": "#2"},
				"south": {"uv": [0, 0, 2, 3], "texture": "#2"},
				"west": {"uv": [0, 0, 3, 3], "texture": "#2"},
				"up": {"uv": [7, 5, 9, 8], "texture": "#2"},
				"down": {"uv": [0, 0, 2, 3], "texture": "#2"}
			}
		},
		{
			"name": "barc2",
			"from": [7, 8.4, 6.5],
			"to": [9, 11.4, 9.5],
			"rotation": {"angle": 0, "axis": "y", "origin": [7, 14.9, 7.5]},
			"faces": {
				"north": {"uv": [0, 0, 2, 3], "texture": "#2"},
				"east": {"uv": [0, 0, 3, 3], "texture": "#2"},
				"south": {"uv": [0, 0, 2, 3], "texture": "#2"},
				"west": {"uv": [0, 0, 3, 3], "texture": "#2"},
				"up": {"uv": [0, 0, 2, 3], "texture": "#2"},
				"down": {"uv": [0, 0, 2, 3], "texture": "#2"}
			}
		},
		{
			"name": "barc3",
			"from": [3.3, 11.5, 6.5],
			"to": [6.3, 13.5, 9.5],
			"rotation": {"angle": 0, "axis": "y", "origin": [4.5, 12, 7.5]},
			"faces": {
				"north": {"uv": [0, 0, 3, 2], "texture": "#2"},
				"east": {"uv": [0, 0, 3, 2], "texture": "#2"},
				"south": {"uv": [0, 0, 3, 2], "texture": "#2"},
				"west": {"uv": [0, 0, 3, 2], "texture": "#2"},
				"up": {"uv": [4, 6, 7, 9], "texture": "#2"},
				"down": {"uv": [0, 0, 3, 3], "texture": "#2"}
			}
		},
		{
			"name": "barc4",
			"from": [9.7, 11.5, 6.5],
			"to": [12.7, 13.5, 9.5],
			"rotation": {"angle": 0, "axis": "y", "origin": [4.5, 12, 7.5]},
			"faces": {
				"north": {"uv": [0, 0, 3, 2], "texture": "#2"},
				"east": {"uv": [0, 0, 3, 2], "texture": "#2"},
				"south": {"uv": [0, 0, 3, 2], "texture": "#2"},
				"west": {"uv": [0, 0, 3, 2], "texture": "#2"},
				"up": {"uv": [9, 6, 12, 9], "texture": "#2"},
				"down": {"uv": [0, 0, 3, 3], "texture": "#2"}
			}
		},
		{
			"name": "web1",
			"from": [3.5, 0.7, -0.8],
			"to": [12.5, 7.7, -0.8],
			"rotation": {"angle": 45, "axis": "x", "origin": [0, 0, 0]},
			"faces": {
				"north": {"uv": [3, 5, 12, 12], "texture": "#1"},
				"east": {"uv": [0, 0, 0, 7], "texture": "#1"},
				"south": {"uv": [3, 5, 12, 12], "texture": "#1"},
				"west": {"uv": [0, 0, 0, 7], "texture": "#1"},
				"up": {"uv": [0, 0, 9, 0], "texture": "#1"},
				"down": {"uv": [0, 0, 9, 0], "texture": "#1"}
			}
		},
		{
			"name": "web2",
			"from": [3.5, -10.7, 12.1],
			"to": [12.5, -3.7, 12.1],
			"rotation": {"angle": -45, "axis": "x", "origin": [0, 0, 0]},
			"faces": {
				"north": {"uv": [3, 5, 12, 12], "texture": "#1"},
				"east": {"uv": [0, 0, 0, 7], "texture": "#1"},
				"south": {"uv": [3, 5, 12, 12], "texture": "#1"},
				"west": {"uv": [0, 0, 0, 7], "texture": "#1"},
				"up": {"uv": [0, 0, 9, 0], "texture": "#1"},
				"down": {"uv": [0, 0, 9, 0], "texture": "#1"}
			}
		},
		{
			"name": "web3",
			"from": [-0.7, 0.8, 3.4],
			"to": [-0.7, 7.8, 12.4],
			"rotation": {"angle": -45, "axis": "z", "origin": [0, 0, 0]},
			"faces": {
				"north": {"uv": [3, 5, 12, 12], "texture": "#1"},
				"east": {"uv": [3, 5, 10, 12], "texture": "#1"},
				"south": {"uv": [3, 5, 12, 12], "texture": "#1"},
				"west": {"uv": [3, 5, 12, 12], "texture": "#1"},
				"up": {"uv": [0, 0, 9, 0], "texture": "#1"},
				"down": {"uv": [0, 0, 9, 0], "texture": "#1"}
			}
		},
		{
			"name": "web4",
			"from": [12.1, -10.6, 3.4],
			"to": [12.1, -3.6, 12.4],
			"rotation": {"angle": 45, "axis": "z", "origin": [0, 0, 0]},
			"faces": {
				"north": {"uv": [3, 5, 12, 12], "texture": "#1"},
				"east": {"uv": [3, 5, 12, 12], "texture": "#1"},
				"south": {"uv": [3, 5, 12, 12], "texture": "#1"},
				"west": {"uv": [3, 5, 12, 12], "texture": "#1"},
				"up": {"uv": [0, 0, 9, 0], "texture": "#1"},
				"down": {"uv": [0, 0, 9, 0], "texture": "#1"}
			}
		}
	]
}