{
  "parent": "tombstone:block/black_tombstone",
  "overrides": [
    {
      "predicate": {
        "model_texture": 0.01
      },
      "model": "tombstone:block/white_tombstone"
    },{
      "predicate": {
        "model_texture": 0.02
      },
      "model": "tombstone:block/blue_tombstone"
    },{
      "predicate": {
        "model_texture": 0.03
      },
      "model": "tombstone:block/green_tombstone"
    },{
      "predicate": {
        "model_texture": 0.04
      },
      "model": "tombstone:block/carmin_tombstone"
    },{
      "predicate": {
        "model_texture": 0.10
      },
      "model": "tombstone:block/black_plate_tombstone"
    },{
      "predicate": {
        "model_texture": 0.11
      },
      "model": "tombstone:block/white_plate_tombstone"
    },{
      "predicate": {
        "model_texture": 0.12
      },
      "model": "tombstone:block/blue_plate_tombstone"
    },{
      "predicate": {
        "model_texture": 0.13
      },
      "model": "tombstone:block/green_plate_tombstone"
    },{
      "predicate": {
        "model_texture": 0.14
      },
      "model": "tombstone:block/carmin_plate_tombstone"
    }
  ]
}