{
  "parent": "tombstone:block/black_subaraki_grave",
  "overrides": [
    {
      "predicate": {
        "model_texture": 0.01
      },
      "model": "tombstone:block/white_subaraki_grave"
    },{
      "predicate": {
        "model_texture": 0.02
      },
      "model": "tombstone:block/blue_subaraki_grave"
    },{
      "predicate": {
        "model_texture": 0.03
      },
      "model": "tombstone:block/green_subaraki_grave"
    },{
      "predicate": {
        "model_texture": 0.04
      },
      "model": "tombstone:block/carmin_subaraki_grave"
    },{
      "predicate": {
        "model_texture": 0.10
      },
      "model": "tombstone:block/black_plate_subaraki_grave"
    },{
      "predicate": {
        "model_texture": 0.11
      },
      "model": "tombstone:block/white_plate_subaraki_grave"
    },{
      "predicate": {
        "model_texture": 0.12
      },
      "model": "tombstone:block/blue_plate_subaraki_grave"
    },{
      "predicate": {
        "model_texture": 0.13
      },
      "model": "tombstone:block/green_plate_subaraki_grave"
    },{
      "predicate": {
        "model_texture": 0.14
      },
      "model": "tombstone:block/carmin_plate_subaraki_grave"
    }
  ]
}